eno,salary
 1001,52000
 1002,61000
 1003,48000
 1004,75000
 1005,56000
 1006,64000
 1007,59000
 1008,67000
 1009,73000
 1010,50000
 1011,62000
 1012,71000
 1013,55000
 1014,58000
 1015,69000
 1016,53000
 1017,57000
 1018,66000
 3001,60000
 3002,72000